tipo_id,fecha,compra,venta
1,2026-09-23,1485,1535
1,2026-09-24,1485,1535
1,2026-09-25,1490,1540
2,2026-09-23,1535,1555
2,2026-09-24,1540,1560
2,2026-09-25,1540,1560
3,2026-09-23,1530.4,1536.6
3,2026-09-24,1537.6,1542.9
3,2026-09-25,1539,1545.6
4,2026-09-23,1594.6,1598.3
4,2026-09-24,1605.8,1607.1
4,2026-09-25,1612.5,1614.3
5,2026-09-23,1506,1515
5,2026-09-24,1507,1516
5,2026-09-25,1510,1519
6,2026-09-23,1589.48,1593.58
6,2026-09-24,1600.57,1604.45
6,2026-09-25,1605.68,1610.04
7,2026-09-23,1930.5,1995.5
7,2026-09-24,1930.5,1995.5
7,2026-09-25,1937,2002
