id,nombre,pais,sitio_web
1,Sudamericana,Argentina,https://www.penguinlibros.com
2,Alfaguara,España,https://www.penguinlibros.com
3,Seix Barral,España,https://www.planetadelibros.com
4,Salamandra,España,https://www.penguinlibros.com
5,Debate,España,https://www.penguinlibros.com
6,O'Reilly Media,Estados Unidos,https://www.oreilly.com
7,Planeta,España,https://planeta.es
8,Anagrama,España,https://www.anagrama-ed.es
9,Suhrkamp Verlag,Alemania,https://www.suhrkamp.de
10,Faber & Faber,Reino Unido,https://www.faber.co.uk
