id,nombre,descripcion
1,Novela,Narrativa extensa de ficción
2,Cuento,Relatos breves de ficción
3,Ensayo,Textos de análisis y divulgación
4,Infantil,Libros para chicos y juveniles
5,Técnico,Informática y programación
6,Poesía,Obras literarias escritas en verso
7,Biografía,Relatos sobre la vida de una persona
8,Historia,Obras sobre acontecimientos y procesos históricos
9,Ciencia,Libros sobre conocimientos y divulgación científica
10,Filosofía,Obras sobre pensamiento, ideas y cuestiones filosóficas
